source,target,"_mkv_child"
"flare.vis.Visualization","flare.animate.Transitioner",0
"flare.vis.Visualization","flare.vis.operator.IOperator",1
"flare.vis.Visualization","flare.animate.Scheduler",2
"flare.vis.Visualization","flare.vis.events.VisualizationEvent",3
"flare.vis.Visualization","flare.vis.data.Tree",4
"flare.vis.Visualization","flare.vis.events.DataEvent",5
"flare.vis.Visualization","flare.vis.axis.Axes",6
"flare.vis.Visualization","flare.vis.axis.CartesianAxes",7
"flare.vis.Visualization","flare.util.Displays",8
"flare.vis.Visualization","flare.vis.operator.OperatorList",9
"flare.vis.Visualization","flare.vis.controls.ControlList",10
"flare.vis.Visualization","flare.animate.ISchedulable",11
"flare.vis.Visualization","flare.vis.data.Data",12
"flare.vis.operator.SortOperator","flare.vis.operator.Operator",0
"flare.vis.operator.SortOperator","flare.animate.Transitioner",1
"flare.vis.operator.SortOperator","flare.util.Arrays",2
"flare.vis.operator.SortOperator","flare.vis.data.Data",3
"flare.vis.operator.OperatorSwitch","flare.animate.Transitioner",0
"flare.vis.operator.OperatorSwitch","flare.vis.operator.OperatorList",1
"flare.vis.operator.OperatorSwitch","flare.vis.operator.IOperator",2
"flare.vis.operator.OperatorSwitch","flare.vis.operator.Operator",3
"flare.vis.operator.OperatorSequence","flare.animate.Transitioner",0
"flare.vis.operator.OperatorSequence","flare.util.Arrays",1
"flare.vis.operator.OperatorSequence","flare.vis.operator.IOperator",2
"flare.vis.operator.OperatorSequence","flare.vis.operator.OperatorList",3
"flare.vis.operator.OperatorSequence","flare.animate.FunctionSequence",4
"flare.vis.operator.OperatorSequence","flare.vis.operator.Operator",5
"flare.vis.operator.OperatorList","flare.animate.Transitioner",0
"flare.vis.operator.OperatorList","flare.util.Arrays",1
"flare.vis.operator.OperatorList","flare.vis.operator.IOperator",2
"flare.vis.operator.OperatorList","flare.vis.Visualization",3
"flare.vis.operator.OperatorList","flare.vis.operator.Operator",4
"flare.vis.operator.Operator","flare.animate.Transitioner",0
"flare.vis.operator.Operator","flare.vis.operator.IOperator",1
"flare.vis.operator.Operator","flare.util.Property",2
"flare.vis.operator.Operator","flare.util.IEvaluable",3
"flare.vis.operator.Operator","flare.vis.Visualization",4
"flare.vis.operator.layout.TreeMapLayout","flare.animate.Transitioner",0
"flare.vis.operator.layout.TreeMapLayout","flare.vis.data.NodeSprite",1
"flare.vis.operator.layout.TreeMapLayout","flare.util.Property",2
"flare.vis.operator.layout.TreeMapLayout","flare.vis.operator.layout.Layout",3
"flare.vis.operator.layout.StackedAreaLayout","flare.scale.TimeScale",0
"flare.vis.operator.layout.StackedAreaLayout","flare.scale.LinearScale",1
"flare.vis.operator.layout.StackedAreaLayout","flare.util.Arrays",2
"flare.vis.operator.layout.StackedAreaLayout","flare.scale.OrdinalScale",3
"flare.vis.operator.layout.StackedAreaLayout","flare.vis.data.NodeSprite",4
"flare.vis.operator.layout.StackedAreaLayout","flare.scale.Scale",5
"flare.vis.operator.layout.StackedAreaLayout","flare.vis.axis.CartesianAxes",6
"flare.vis.operator.layout.StackedAreaLayout","flare.util.Stats",7
"flare.vis.operator.layout.StackedAreaLayout","flare.util.Orientation",8
"flare.vis.operator.layout.StackedAreaLayout","flare.scale.QuantitativeScale",9
"flare.vis.operator.layout.StackedAreaLayout","flare.util.Maths",10
"flare.vis.operator.layout.StackedAreaLayout","flare.vis.operator.layout.Layout",11
"flare.vis.operator.layout.RandomLayout","flare.vis.operator.layout.Layout",0
"flare.vis.operator.layout.RandomLayout","flare.vis.data.DataSprite",1
"flare.vis.operator.layout.RandomLayout","flare.vis.data.Data",2
"flare.vis.operator.layout.RadialTreeLayout","flare.vis.data.NodeSprite",0
"flare.vis.operator.layout.RadialTreeLayout","flare.util.Arrays",1
"flare.vis.operator.layout.RadialTreeLayout","flare.vis.operator.layout.Layout",2
"flare.vis.operator.layout.PieLayout","flare.vis.data.DataList",0
"flare.vis.operator.layout.PieLayout","flare.vis.data.DataSprite",1
"flare.vis.operator.layout.PieLayout","flare.util.Shapes",2
"flare.vis.operator.layout.PieLayout","flare.util.Property",3
"flare.vis.operator.layout.PieLayout","flare.vis.operator.layout.Layout",4
"flare.vis.operator.layout.PieLayout","flare.vis.data.Data",5
"flare.vis.operator.layout.NodeLinkTreeLayout","flare.vis.data.NodeSprite",0
"flare.vis.operator.layout.NodeLinkTreeLayout","flare.util.Arrays",1
"flare.vis.operator.layout.NodeLinkTreeLayout","flare.util.Orientation",2
"flare.vis.operator.layout.NodeLinkTreeLayout","flare.vis.operator.layout.Layout",3
"flare.vis.operator.layout.Layout","flare.animate.Transitioner",0
"flare.vis.operator.layout.Layout","flare.vis.data.NodeSprite",1
"flare.vis.operator.layout.Layout","flare.vis.data.DataList",2
"flare.vis.operator.layout.Layout","flare.vis.data.DataSprite",3
"flare.vis.operator.layout.Layout","flare.vis.data.EdgeSprite",4
"flare.vis.operator.layout.Layout","flare.vis.Visualization",5
"flare.vis.operator.layout.Layout","flare.vis.axis.CartesianAxes",6
"flare.vis.operator.layout.Layout","flare.vis.axis.Axes",7
"flare.vis.operator.layout.Layout","flare.animate.TransitionEvent",8
"flare.vis.operator.layout.Layout","flare.vis.operator.Operator",9
"flare.vis.operator.layout.IndentedTreeLayout","flare.animate.Transitioner",0
"flare.vis.operator.layout.IndentedTreeLayout","flare.vis.data.NodeSprite",1
"flare.vis.operator.layout.IndentedTreeLayout","flare.util.Arrays",2
"flare.vis.operator.layout.IndentedTreeLayout","flare.vis.operator.layout.Layout",3
"flare.vis.operator.layout.IndentedTreeLayout","flare.vis.data.EdgeSprite",4
"flare.vis.operator.layout.IcicleTreeLayout","flare.vis.data.NodeSprite",0
"flare.vis.operator.layout.IcicleTreeLayout","flare.util.Orientation",1
"flare.vis.operator.layout.IcicleTreeLayout","flare.vis.operator.layout.Layout",2
"flare.vis.operator.layout.ForceDirectedLayout","flare.physics.Simulation",0
"flare.vis.operator.layout.ForceDirectedLayout","flare.animate.Transitioner",1
"flare.vis.operator.layout.ForceDirectedLayout","flare.vis.data.NodeSprite",2
"flare.vis.operator.layout.ForceDirectedLayout","flare.vis.data.DataSprite",3
"flare.vis.operator.layout.ForceDirectedLayout","flare.physics.Particle",4
"flare.vis.operator.layout.ForceDirectedLayout","flare.physics.Spring",5
"flare.vis.operator.layout.ForceDirectedLayout","flare.vis.operator.layout.Layout",6
"flare.vis.operator.layout.ForceDirectedLayout","flare.vis.data.EdgeSprite",7
"flare.vis.operator.layout.ForceDirectedLayout","flare.vis.data.Data",8
"flare.vis.operator.layout.DendrogramLayout","flare.util.Property",0
"flare.vis.operator.layout.DendrogramLayout","flare.vis.data.NodeSprite",1
"flare.vis.operator.layout.DendrogramLayout","flare.util.Orientation",2
"flare.vis.operator.layout.DendrogramLayout","flare.vis.operator.layout.Layout",3
"flare.vis.operator.layout.DendrogramLayout","flare.vis.data.EdgeSprite",4
"flare.vis.operator.layout.CirclePackingLayout","flare.vis.data.NodeSprite",0
"flare.vis.operator.layout.CirclePackingLayout","flare.vis.data.render.ShapeRenderer",1
"flare.vis.operator.layout.CirclePackingLayout","flare.util.Shapes",2
"flare.vis.operator.layout.CirclePackingLayout","flare.util.Sort",3
"flare.vis.operator.layout.CirclePackingLayout","flare.vis.operator.layout.Layout",4
"flare.vis.operator.layout.CirclePackingLayout","flare.vis.data.Data",5
"flare.vis.operator.layout.CircleLayout","flare.vis.data.NodeSprite",0
"flare.vis.operator.layout.CircleLayout","flare.vis.data.DataList",1
"flare.vis.operator.layout.CircleLayout","flare.vis.data.ScaleBinding",2
"flare.vis.operator.layout.CircleLayout","flare.util.Property",3
"flare.vis.operator.layout.CircleLayout","flare.vis.operator.layout.Layout",4
"flare.vis.operator.layout.CircleLayout","flare.vis.data.Data",5
"flare.vis.operator.layout.BundledEdgeRouter","flare.animate.Transitioner",0
"flare.vis.operator.layout.BundledEdgeRouter","flare.vis.data.NodeSprite",1
"flare.vis.operator.layout.BundledEdgeRouter","flare.util.Arrays",2
"flare.vis.operator.layout.BundledEdgeRouter","flare.vis.data.DataSprite",3
"flare.vis.operator.layout.BundledEdgeRouter","flare.vis.data.EdgeSprite",4
"flare.vis.operator.layout.BundledEdgeRouter","flare.util.Shapes",5
"flare.vis.operator.layout.BundledEdgeRouter","flare.vis.operator.layout.Layout",6
"flare.vis.operator.layout.BundledEdgeRouter","flare.vis.operator.Operator",7
"flare.vis.operator.layout.AxisLayout","flare.scale.ScaleType",0
"flare.vis.operator.layout.AxisLayout","flare.vis.data.DataSprite",1
"flare.vis.operator.layout.AxisLayout","flare.vis.axis.CartesianAxes",2
"flare.vis.operator.layout.AxisLayout","flare.vis.data.ScaleBinding",3
"flare.vis.operator.layout.AxisLayout","flare.util.Property",4
"flare.vis.operator.layout.AxisLayout","flare.vis.operator.layout.Layout",5
"flare.vis.operator.layout.AxisLayout","flare.vis.data.Data",6
"flare.vis.operator.label.StackedAreaLabeler","flare.vis.operator.label.Labeler",0
"flare.vis.operator.label.StackedAreaLabeler","flare.display.TextSprite",1
"flare.vis.operator.label.StackedAreaLabeler","flare.vis.data.DataSprite",2
"flare.vis.operator.label.StackedAreaLabeler","flare.vis.data.Data",3
"flare.vis.operator.label.RadialLabeler","flare.vis.operator.label.Labeler",0
"flare.vis.operator.label.RadialLabeler","flare.util.Shapes",1
"flare.vis.operator.label.RadialLabeler","flare.display.TextSprite",2
"flare.vis.operator.label.RadialLabeler","flare.vis.data.DataSprite",3
"flare.vis.operator.label.RadialLabeler","flare.vis.data.Data",4
"flare.vis.operator.label.Labeler","flare.animate.Transitioner",0
"flare.vis.operator.label.Labeler","flare.vis.data.DataSprite",1
"flare.vis.operator.label.Labeler","flare.display.TextSprite",2
"flare.vis.operator.label.Labeler","flare.vis.operator.Operator",3
"flare.vis.operator.label.Labeler","flare.util.Shapes",4
"flare.vis.operator.label.Labeler","flare.util.Filter",5
"flare.vis.operator.label.Labeler","flare.util.Property",6
"flare.vis.operator.label.Labeler","flare.util.IEvaluable",7
"flare.vis.operator.label.Labeler","flare.vis.data.Data",8
"flare.vis.operator.IOperator","flare.animate.Transitioner",0
"flare.vis.operator.IOperator","flare.vis.Visualization",1
"flare.vis.operator.IOperator","flare.vis.operator.Operator",2
"flare.vis.operator.filter.VisibilityFilter","flare.vis.operator.Operator",0
"flare.vis.operator.filter.VisibilityFilter","flare.animate.Transitioner",1
"flare.vis.operator.filter.VisibilityFilter","flare.util.Filter",2
"flare.vis.operator.filter.VisibilityFilter","flare.vis.data.DataSprite",3
"flare.vis.operator.filter.VisibilityFilter","flare.vis.data.Data",4
"flare.vis.operator.filter.GraphDistanceFilter","flare.animate.Transitioner",0
"flare.vis.operator.filter.GraphDistanceFilter","flare.vis.data.NodeSprite",1
"flare.vis.operator.filter.GraphDistanceFilter","flare.vis.operator.Operator",2
"flare.vis.operator.filter.GraphDistanceFilter","flare.vis.data.DataSprite",3
"flare.vis.operator.filter.GraphDistanceFilter","flare.vis.data.EdgeSprite",4
"flare.vis.operator.filter.FisheyeTreeFilter","flare.animate.Transitioner",0
"flare.vis.operator.filter.FisheyeTreeFilter","flare.vis.data.NodeSprite",1
"flare.vis.operator.filter.FisheyeTreeFilter","flare.vis.data.DataSprite",2
"flare.vis.operator.filter.FisheyeTreeFilter","flare.vis.data.EdgeSprite",3
"flare.vis.operator.filter.FisheyeTreeFilter","flare.vis.data.Tree",4
"flare.vis.operator.filter.FisheyeTreeFilter","flare.vis.operator.Operator",5
"flare.vis.operator.filter.FisheyeTreeFilter","flare.vis.data.Data",6
"flare.vis.operator.encoder.SizeEncoder","flare.util.palette.Palette",0
"flare.vis.operator.encoder.SizeEncoder","flare.scale.ScaleType",1
"flare.vis.operator.encoder.SizeEncoder","flare.vis.operator.encoder.Encoder",2
"flare.vis.operator.encoder.SizeEncoder","flare.util.palette.SizePalette",3
"flare.vis.operator.encoder.SizeEncoder","flare.vis.data.Data",4
"flare.vis.operator.encoder.ShapeEncoder","flare.util.palette.Palette",0
"flare.vis.operator.encoder.ShapeEncoder","flare.scale.ScaleType",1
"flare.vis.operator.encoder.ShapeEncoder","flare.util.palette.ShapePalette",2
"flare.vis.operator.encoder.ShapeEncoder","flare.vis.operator.encoder.Encoder",3
"flare.vis.operator.encoder.ShapeEncoder","flare.vis.data.Data",4
"flare.vis.operator.encoder.PropertyEncoder","flare.animate.Transitioner",0
"flare.vis.operator.encoder.PropertyEncoder","flare.vis.data.DataList",1
"flare.vis.operator.encoder.PropertyEncoder","flare.vis.data.Data",2
"flare.vis.operator.encoder.PropertyEncoder","flare.vis.operator.encoder.Encoder",3
"flare.vis.operator.encoder.PropertyEncoder","flare.util.Filter",4
"flare.vis.operator.encoder.PropertyEncoder","flare.vis.operator.Operator",5
"flare.vis.operator.encoder.Encoder","flare.animate.Transitioner",0
"flare.vis.operator.encoder.Encoder","flare.vis.data.DataSprite",1
"flare.vis.operator.encoder.Encoder","flare.vis.operator.Operator",2
"flare.vis.operator.encoder.Encoder","flare.vis.data.ScaleBinding",3
"flare.vis.operator.encoder.Encoder","flare.util.palette.Palette",4
"flare.vis.operator.encoder.Encoder","flare.util.Filter",5
"flare.vis.operator.encoder.Encoder","flare.util.Property",6
"flare.vis.operator.encoder.Encoder","flare.vis.data.Data",7
"flare.vis.operator.encoder.ColorEncoder","flare.animate.Transitioner",0
"flare.vis.operator.encoder.ColorEncoder","flare.scale.ScaleType",1
"flare.vis.operator.encoder.ColorEncoder","flare.vis.operator.encoder.Encoder",2
"flare.vis.operator.encoder.ColorEncoder","flare.util.palette.Palette",3
"flare.vis.operator.encoder.ColorEncoder","flare.util.palette.ColorPalette",4
"flare.vis.operator.encoder.ColorEncoder","flare.vis.data.Data",5
"flare.vis.operator.distortion.FisheyeDistortion","flare.vis.operator.distortion.Distortion",0
"flare.vis.operator.distortion.Distortion","flare.animate.Transitioner",0
"flare.vis.operator.distortion.Distortion","flare.vis.data.DataSprite",1
"flare.vis.operator.distortion.Distortion","flare.vis.events.VisualizationEvent",2
"flare.vis.operator.distortion.Distortion","flare.vis.axis.Axis",3
"flare.vis.operator.distortion.Distortion","flare.vis.axis.CartesianAxes",4
"flare.vis.operator.distortion.Distortion","flare.vis.operator.layout.Layout",5
"flare.vis.operator.distortion.Distortion","flare.vis.data.Data",6
"flare.vis.operator.distortion.BifocalDistortion","flare.vis.operator.distortion.Distortion",0
"flare.vis.legend.LegendRange","flare.util.Colors",0
"flare.vis.legend.LegendRange","flare.vis.legend.Legend",1
"flare.vis.legend.LegendRange","flare.display.RectSprite",2
"flare.vis.legend.LegendRange","flare.display.TextSprite",3
"flare.vis.legend.LegendRange","flare.scale.Scale",4
"flare.vis.legend.LegendRange","flare.util.Stats",5
"flare.vis.legend.LegendRange","flare.scale.IScaleMap",6
"flare.vis.legend.LegendRange","flare.util.Orientation",7
"flare.vis.legend.LegendRange","flare.util.palette.ColorPalette",8
"flare.vis.legend.LegendItem","flare.util.Shapes",0
"flare.vis.legend.LegendItem","flare.display.TextSprite",1
"flare.vis.legend.LegendItem","flare.vis.legend.Legend",2
"flare.vis.legend.LegendItem","flare.display.RectSprite",3
"flare.vis.legend.Legend","flare.animate.Transitioner",0
"flare.vis.legend.Legend","flare.vis.data.ScaleBinding",1
"flare.vis.legend.Legend","flare.util.palette.SizePalette",2
"flare.vis.legend.Legend","flare.scale.ScaleType",3
"flare.vis.legend.Legend","flare.vis.legend.LegendItem",4
"flare.vis.legend.Legend","flare.display.RectSprite",5
"flare.vis.legend.Legend","flare.display.TextSprite",6
"flare.vis.legend.Legend","flare.scale.Scale",7
"flare.vis.legend.Legend","flare.vis.legend.LegendRange",8
"flare.vis.legend.Legend","flare.util.Displays",9
"flare.vis.legend.Legend","flare.util.Orientation",10
"flare.vis.legend.Legend","flare.util.palette.ShapePalette",11
"flare.vis.legend.Legend","flare.util.palette.Palette",12
"flare.vis.legend.Legend","flare.util.palette.ColorPalette",13
"flare.vis.events.VisualizationEvent","flare.animate.Transitioner",0
"flare.vis.events.TooltipEvent","flare.vis.data.EdgeSprite",0
"flare.vis.events.TooltipEvent","flare.vis.data.NodeSprite",1
"flare.vis.events.SelectionEvent","flare.vis.events.DataEvent",0
"flare.vis.events.DataEvent","flare.vis.data.EdgeSprite",0
"flare.vis.events.DataEvent","flare.vis.data.NodeSprite",1
"flare.vis.events.DataEvent","flare.vis.data.DataList",2
"flare.vis.events.DataEvent","flare.vis.data.DataSprite",3
"flare.vis.data.TreeBuilder","flare.vis.data.EdgeSprite",0
"flare.vis.data.TreeBuilder","flare.vis.data.NodeSprite",1
"flare.vis.data.TreeBuilder","flare.vis.data.Tree",2
"flare.vis.data.TreeBuilder","flare.util.heap.HeapNode",3
"flare.vis.data.TreeBuilder","flare.util.heap.FibonacciHeap",4
"flare.vis.data.TreeBuilder","flare.util.Property",5
"flare.vis.data.TreeBuilder","flare.util.IEvaluable",6
"flare.vis.data.TreeBuilder","flare.vis.data.Data",7
"flare.vis.data.Tree","flare.vis.data.EdgeSprite",0
"flare.vis.data.Tree","flare.vis.events.DataEvent",1
"flare.vis.data.Tree","flare.vis.data.NodeSprite",2
"flare.vis.data.Tree","flare.vis.data.Data",3
"flare.vis.data.ScaleBinding","flare.scale.TimeScale",0
"flare.vis.data.ScaleBinding","flare.scale.ScaleType",1
"flare.vis.data.ScaleBinding","flare.scale.LinearScale",2
"flare.vis.data.ScaleBinding","flare.scale.LogScale",3
"flare.vis.data.ScaleBinding","flare.scale.OrdinalScale",4
"flare.vis.data.ScaleBinding","flare.scale.RootScale",5
"flare.vis.data.ScaleBinding","flare.scale.Scale",6
"flare.vis.data.ScaleBinding","flare.scale.QuantileScale",7
"flare.vis.data.ScaleBinding","flare.util.Stats",8
"flare.vis.data.ScaleBinding","flare.scale.QuantitativeScale",9
"flare.vis.data.ScaleBinding","flare.vis.events.DataEvent",10
"flare.vis.data.ScaleBinding","flare.vis.data.Data",11
"flare.vis.data.render.ShapeRenderer","flare.util.Shapes",0
"flare.vis.data.render.ShapeRenderer","flare.vis.data.render.IRenderer",1
"flare.vis.data.render.ShapeRenderer","flare.vis.data.DataSprite",2
"flare.vis.data.render.IRenderer","flare.vis.data.DataSprite",0
"flare.vis.data.render.EdgeRenderer","flare.vis.data.EdgeSprite",0
"flare.vis.data.render.EdgeRenderer","flare.vis.data.NodeSprite",1
"flare.vis.data.render.EdgeRenderer","flare.vis.data.DataSprite",2
"flare.vis.data.render.EdgeRenderer","flare.vis.data.render.IRenderer",3
"flare.vis.data.render.EdgeRenderer","flare.util.Shapes",4
"flare.vis.data.render.EdgeRenderer","flare.util.Geometry",5
"flare.vis.data.render.EdgeRenderer","flare.vis.data.render.ArrowType",6
"flare.vis.data.render.ArrowType",,0
"flare.vis.data.NodeSprite","flare.animate.Transitioner",0
"flare.vis.data.NodeSprite","flare.util.Arrays",1
"flare.vis.data.NodeSprite","flare.vis.data.DataSprite",2
"flare.vis.data.NodeSprite","flare.vis.data.EdgeSprite",3
"flare.vis.data.NodeSprite","flare.vis.data.Tree",4
"flare.vis.data.NodeSprite","flare.util.Sort",5
"flare.vis.data.NodeSprite","flare.util.Filter",6
"flare.vis.data.NodeSprite","flare.util.IEvaluable",7
"flare.vis.data.NodeSprite","flare.vis.data.Data",8
"flare.vis.data.EdgeSprite","flare.vis.data.render.EdgeRenderer",0
"flare.vis.data.EdgeSprite","flare.vis.data.DataSprite",1
"flare.vis.data.EdgeSprite","flare.vis.data.NodeSprite",2
"flare.vis.data.EdgeSprite","flare.vis.data.render.ArrowType",3
"flare.vis.data.EdgeSprite","flare.vis.data.Data",4
"flare.vis.data.DataSprite","flare.util.Colors",0
"flare.vis.data.DataSprite","flare.vis.data.Data",1
"flare.vis.data.DataSprite","flare.display.DirtySprite",2
"flare.vis.data.DataSprite","flare.vis.data.render.IRenderer",3
"flare.vis.data.DataSprite","flare.vis.data.render.ShapeRenderer",4
"flare.vis.data.DataList","flare.animate.Transitioner",0
"flare.vis.data.DataList","flare.vis.data.NodeSprite",1
"flare.vis.data.DataList","flare.util.Arrays",2
"flare.vis.data.DataList","flare.util.math.DenseMatrix",3
"flare.vis.data.DataList","flare.vis.data.DataSprite",4
"flare.vis.data.DataList","flare.vis.data.EdgeSprite",5
"flare.vis.data.DataList","flare.vis.events.DataEvent",6
"flare.vis.data.DataList","flare.util.Stats",7
"flare.vis.data.DataList","flare.util.math.IMatrix",8
"flare.vis.data.DataList","flare.util.Sort",9
"flare.vis.data.DataList","flare.util.Filter",10
"flare.vis.data.DataList","flare.util.Property",11
"flare.vis.data.DataList","flare.util.IEvaluable",12
"flare.vis.data.DataList","flare.vis.data.Data",13
"flare.vis.data.Data","flare.vis.data.EdgeSprite",0
"flare.vis.data.Data","flare.vis.data.NodeSprite",1
"flare.vis.data.Data","flare.util.Arrays",2
"flare.vis.data.Data","flare.vis.data.DataSprite",3
"flare.vis.data.Data","flare.vis.data.Tree",4
"flare.vis.data.Data","flare.vis.events.DataEvent",5
"flare.vis.data.Data","flare.data.DataSet",6
"flare.vis.data.Data","flare.vis.data.TreeBuilder",7
"flare.vis.data.Data","flare.vis.data.DataList",8
"flare.vis.data.Data","flare.data.DataSchema",9
"flare.vis.data.Data","flare.util.Sort",10
"flare.vis.data.Data","flare.data.DataField",11
"flare.vis.data.Data","flare.util.Property",12
"flare.vis.controls.TooltipControl","flare.animate.Tween",0
"flare.vis.controls.TooltipControl","flare.display.TextSprite",1
"flare.vis.controls.TooltipControl","flare.vis.controls.Control",2
"flare.vis.controls.TooltipControl","flare.vis.events.TooltipEvent",3
"flare.vis.controls.SelectionControl","flare.vis.events.SelectionEvent",0
"flare.vis.controls.SelectionControl","flare.vis.controls.Control",1
"flare.vis.controls.PanZoomControl","flare.util.Displays",0
"flare.vis.controls.PanZoomControl","flare.vis.controls.Control",1
"flare.vis.controls.IControl","flare.vis.controls.Control",0
"flare.vis.controls.HoverControl","flare.vis.events.SelectionEvent",0
"flare.vis.controls.HoverControl","flare.vis.controls.Control",1
"flare.vis.controls.ExpandControl","flare.animate.Transitioner",0
"flare.vis.controls.ExpandControl","flare.vis.data.NodeSprite",1
"flare.vis.controls.ExpandControl","flare.vis.controls.Control",2
"flare.vis.controls.ExpandControl","flare.vis.Visualization",3
"flare.vis.controls.DragControl","flare.vis.controls.Control",0
"flare.vis.controls.DragControl","flare.vis.data.DataSprite",1
"flare.vis.controls.ControlList","flare.vis.controls.IControl",0
"flare.vis.controls.ControlList","flare.util.Arrays",1
"flare.vis.controls.ControlList","flare.vis.Visualization",2
"flare.vis.controls.ControlList","flare.vis.controls.Control",3
"flare.vis.controls.Control","flare.vis.controls.IControl",0
"flare.vis.controls.Control","flare.util.Filter",1
"flare.vis.controls.ClickControl","flare.vis.events.SelectionEvent",0
"flare.vis.controls.ClickControl","flare.vis.controls.Control",1
"flare.vis.controls.AnchorControl","flare.vis.controls.Control",0
"flare.vis.controls.AnchorControl","flare.vis.Visualization",1
"flare.vis.controls.AnchorControl","flare.vis.operator.layout.Layout",2
"flare.vis.axis.CartesianAxes","flare.animate.Transitioner",0
"flare.vis.axis.CartesianAxes","flare.display.RectSprite",1
"flare.vis.axis.CartesianAxes","flare.vis.axis.Axis",2
"flare.vis.axis.CartesianAxes","flare.display.TextSprite",3
"flare.vis.axis.CartesianAxes","flare.vis.axis.Axes",4
"flare.vis.axis.CartesianAxes","flare.vis.Visualization",5
"flare.vis.axis.CartesianAxes","flare.vis.axis.AxisGridLine",6
"flare.vis.axis.AxisLabel","flare.vis.axis.Axis",0
"flare.vis.axis.AxisLabel","flare.display.TextSprite",1
"flare.vis.axis.AxisGridLine","flare.vis.axis.Axis",0
"flare.vis.axis.AxisGridLine","flare.display.LineSprite",1
"flare.vis.axis.Axis","flare.animate.Transitioner",0
"flare.vis.axis.Axis","flare.scale.LinearScale",1
"flare.vis.axis.Axis","flare.util.Arrays",2
"flare.vis.axis.Axis","flare.scale.ScaleType",3
"flare.vis.axis.Axis","flare.util.Strings",4
"flare.vis.axis.Axis","flare.display.TextSprite",5
"flare.vis.axis.Axis","flare.scale.Scale",6
"flare.vis.axis.Axis","flare.util.Stats",7
"flare.vis.axis.Axis","flare.scale.IScaleMap",8
"flare.vis.axis.Axis","flare.vis.axis.AxisLabel",9
"flare.vis.axis.Axis","flare.vis.axis.AxisGridLine",10
"flare.vis.axis.Axes","flare.animate.Transitioner",0
"flare.vis.axis.Axes","flare.vis.Visualization",1
"flare.util.Strings","flare.util.Dates",0
"flare.util.Strings","flare.util.Property",1
"flare.util.Stats","flare.util.Arrays",0
"flare.util.Stats","flare.util.Property",1
"flare.util.Sort","flare.util.Arrays",0
"flare.util.Sort","flare.util.Property",1
"flare.util.Shapes","flare.util.Arrays",0
"flare.util.Property","flare.util.IPredicate",0
"flare.util.Property","flare.util.IValueProxy",1
"flare.util.Property","flare.util.IEvaluable",2
"flare.util.palette.SizePalette","flare.util.palette.Palette",0
"flare.util.palette.ShapePalette","flare.util.palette.Palette",0
"flare.util.palette.ShapePalette","flare.util.Shapes",1
"flare.util.palette.Palette",,0
"flare.util.palette.ColorPalette","flare.util.palette.Palette",0
"flare.util.palette.ColorPalette","flare.util.Colors",1
"flare.util.Orientation",,0
"flare.util.Maths","flare.util.Arrays",0
"flare.util.math.SparseMatrix","flare.util.math.IMatrix",0
"flare.util.math.IMatrix",,0
"flare.util.math.DenseMatrix","flare.util.math.IMatrix",0
"flare.util.IValueProxy",,0
"flare.util.IPredicate",,0
"flare.util.IEvaluable",,0
"flare.util.heap.HeapNode","flare.util.heap.FibonacciHeap",0
"flare.util.heap.FibonacciHeap","flare.util.heap.HeapNode",0
"flare.util.Geometry",,0
"flare.util.Filter","flare.util.IPredicate",0
"flare.util.Filter","flare.util.Property",1
"flare.util.Displays","flare.util.IValueProxy",0
"flare.util.Displays","flare.util.Filter",1
"flare.util.Displays","flare.util.Property",2
"flare.util.Displays","flare.util.IEvaluable",3
"flare.util.Displays","flare.util.Sort",4
"flare.util.Dates","flare.util.Maths",0
"flare.util.Colors","flare.util.Filter",0
"flare.util.Arrays","flare.util.IValueProxy",0
"flare.util.Arrays","flare.util.Property",1
"flare.util.Arrays","flare.util.IEvaluable",2
"flare.scale.TimeScale","flare.util.Maths",0
"flare.scale.TimeScale","flare.util.Dates",1
"flare.scale.TimeScale","flare.scale.Scale",2
"flare.scale.TimeScale","flare.scale.ScaleType",3
"flare.scale.ScaleType","flare.scale.Scale",0
"flare.scale.Scale","flare.scale.ScaleType",0
"flare.scale.Scale","flare.util.Strings",1
"flare.scale.RootScale","flare.util.Maths",0
"flare.scale.RootScale","flare.util.Strings",1
"flare.scale.RootScale","flare.scale.Scale",2
"flare.scale.RootScale","flare.scale.QuantitativeScale",3
"flare.scale.RootScale","flare.scale.ScaleType",4
"flare.scale.QuantitativeScale","flare.util.Maths",0
"flare.scale.QuantitativeScale","flare.util.Strings",1
"flare.scale.QuantitativeScale","flare.scale.Scale",2
"flare.scale.QuantileScale","flare.util.Maths",0
"flare.scale.QuantileScale","flare.util.Strings",1
"flare.scale.QuantileScale","flare.scale.Scale",2
"flare.scale.QuantileScale","flare.scale.ScaleType",3
"flare.scale.OrdinalScale","flare.scale.ScaleType",0
"flare.scale.OrdinalScale","flare.util.Arrays",1
"flare.scale.OrdinalScale","flare.scale.Scale",2
"flare.scale.LogScale","flare.util.Maths",0
"flare.scale.LogScale","flare.util.Strings",1
"flare.scale.LogScale","flare.scale.Scale",2
"flare.scale.LogScale","flare.scale.QuantitativeScale",3
"flare.scale.LogScale","flare.scale.ScaleType",4
"flare.scale.LinearScale","flare.util.Maths",0
"flare.scale.LinearScale","flare.util.Strings",1
"flare.scale.LinearScale","flare.scale.Scale",2
"flare.scale.LinearScale","flare.scale.QuantitativeScale",3
"flare.scale.LinearScale","flare.scale.ScaleType",4
"flare.scale.IScaleMap","flare.scale.Scale",0
"flare.query.Xor","flare.query.CompositeExpression",0
"flare.query.Xor","flare.query.Expression",1
"flare.query.Variance","flare.query.Expression",0
"flare.query.Variance","flare.query.AggregateExpression",1
"flare.query.Variable","flare.query.Expression",0
"flare.query.Variable","flare.util.Property",1
"flare.query.Sum","flare.query.Expression",0
"flare.query.Sum","flare.query.AggregateExpression",1
"flare.query.StringUtil","flare.query.Fn",0
"flare.query.Range","flare.query.And",0
"flare.query.Range","flare.query.Comparison",1
"flare.query.Range","flare.query.Expression",2
"flare.query.Query","flare.query.Variable",0
"flare.query.Query","flare.query.Sum",1
"flare.query.Query","flare.query.Expression",2
"flare.query.Query","flare.util.Sort",3
"flare.query.Query","flare.query.Not",4
"flare.query.Query","flare.query.AggregateExpression",5
"flare.query.Query","flare.query.Literal",6
"flare.query.Query","flare.util.Filter",7
"flare.query.Query","flare.util.Property",8
"flare.query.Query","flare.query.If",9
"flare.query.Or","flare.query.CompositeExpression",0
"flare.query.Or","flare.query.Expression",1
"flare.query.Not","flare.query.Expression",0
"flare.query.Minimum","flare.query.Expression",0
"flare.query.Minimum","flare.query.AggregateExpression",1
"flare.query.methods._","flare.query.Literal",0
"flare.query.methods._","flare.query.methods.or",1
"flare.query.methods.xor","flare.query.Xor",0
"flare.query.methods.xor","flare.query.methods.or",1
"flare.query.methods.where","flare.query.Query",0
"flare.query.methods.where","flare.query.methods.lt",1
"flare.query.methods.where","flare.query.methods.lte",2
"flare.query.methods.variance","flare.query.Variance",0
"flare.query.methods.variance","flare.query.methods.or",1
"flare.query.methods.update","flare.query.Query",0
"flare.query.methods.sum","flare.query.Sum",0
"flare.query.methods.sum","flare.query.methods.or",1
"flare.query.methods.sub","flare.query.methods.or",0
"flare.query.methods.sub","flare.query.Arithmetic",1
"flare.query.methods.stddev","flare.query.methods.and",0
"flare.query.methods.stddev","flare.query.Variance",1
"flare.query.methods.stddev","flare.query.methods.or",2
"flare.query.methods.select","flare.query.Query",0
"flare.query.methods.range","flare.query.methods.max",0
"flare.query.methods.range","flare.query.Range",1
"flare.query.methods.range","flare.query.methods.or",2
"flare.query.methods.range","flare.query.methods.min",3
"flare.query.methods.orderby","flare.query.Query",0
"flare.query.methods.orderby","flare.query.methods.or",1
"flare.query.methods.or","flare.query.Or",0
"flare.query.methods.not","flare.query.Not",0
"flare.query.methods.not","flare.query.methods.or",1
"flare.query.methods.neq","flare.query.Comparison",0
"flare.query.methods.neq","flare.query.methods.eq",1
"flare.query.methods.neq","flare.query.methods.or",2
"flare.query.methods.mul","flare.query.methods.lt",0
"flare.query.methods.mul","flare.query.methods.or",1
"flare.query.methods.mul","flare.query.Arithmetic",2
"flare.query.methods.mod","flare.query.methods.or",0
"flare.query.methods.mod","flare.query.Arithmetic",1
"flare.query.methods.min","flare.query.Minimum",0
"flare.query.methods.min","flare.query.methods.or",1
"flare.query.methods.max","flare.query.Maximum",0
"flare.query.methods.max","flare.query.methods.or",1
"flare.query.methods.lte","flare.query.Comparison",0
"flare.query.methods.lte","flare.query.methods.lt",1
"flare.query.methods.lte","flare.query.methods.eq",2
"flare.query.methods.lte","flare.query.methods.or",3
"flare.query.methods.lt","flare.query.Comparison",0
"flare.query.methods.lt","flare.query.methods.or",1
"flare.query.methods.isa","flare.query.IsA",0
"flare.query.methods.isa","flare.query.methods.or",1
"flare.query.methods.iff","flare.query.methods.or",0
"flare.query.methods.iff","flare.query.If",1
"flare.query.methods.gte","flare.query.Comparison",0
"flare.query.methods.gte","flare.query.methods.gt",1
"flare.query.methods.gte","flare.query.methods.eq",2
"flare.query.methods.gte","flare.query.methods.or",3
"flare.query.methods.gt","flare.query.Comparison",0
"flare.query.methods.gt","flare.query.methods.or",1
"flare.query.methods.fn","flare.query.methods.or",0
"flare.query.methods.fn","flare.query.Fn",1
"flare.query.methods.eq","flare.query.Comparison",0
"flare.query.methods.eq","flare.query.methods.or",1
"flare.query.methods.div","flare.query.methods.or",0
"flare.query.methods.div","flare.query.Arithmetic",1
"flare.query.methods.distinct","flare.query.Distinct",0
"flare.query.methods.distinct","flare.query.methods.or",1
"flare.query.methods.count","flare.query.Count",0
"flare.query.methods.count","flare.query.methods.or",1
"flare.query.methods.average","flare.query.Average",0
"flare.query.methods.average","flare.query.methods.or",1
"flare.query.methods.and","flare.query.And",0
"flare.query.methods.and","flare.query.methods.or",1
"flare.query.methods.add","flare.query.methods.or",0
"flare.query.methods.add","flare.query.Arithmetic",1
"flare.query.Maximum","flare.query.Expression",0
"flare.query.Maximum","flare.query.AggregateExpression",1
"flare.query.Match","flare.query.BinaryExpression",0
"flare.query.Match","flare.query.Expression",1
"flare.query.Match","flare.query.StringUtil",2
"flare.query.Literal","flare.query.Expression",0
"flare.query.IsA","flare.query.Expression",0
"flare.query.IsA","flare.query.If",1
"flare.query.If","flare.query.Expression",0
"flare.query.Fn","flare.query.DateUtil",0
"flare.query.Fn","flare.query.CompositeExpression",1
"flare.query.Fn","flare.query.Expression",2
"flare.query.Fn","flare.query.StringUtil",3
"flare.query.ExpressionIterator","flare.query.Expression",0
"flare.query.Expression","flare.query.Variable",0
"flare.query.Expression","flare.query.IsA",1
"flare.query.Expression","flare.query.ExpressionIterator",2
"flare.query.Expression","flare.util.IPredicate",3
"flare.query.Expression","flare.query.Literal",4
"flare.query.Expression","flare.util.IEvaluable",5
"flare.query.Expression","flare.query.If",6
"flare.query.Distinct","flare.query.Expression",0
"flare.query.Distinct","flare.query.AggregateExpression",1
"flare.query.DateUtil","flare.query.Fn",0
"flare.query.Count","flare.query.Expression",0
"flare.query.Count","flare.query.AggregateExpression",1
"flare.query.CompositeExpression","flare.query.Expression",0
"flare.query.CompositeExpression","flare.query.If",1
"flare.query.Comparison","flare.query.Not",0
"flare.query.Comparison","flare.query.BinaryExpression",1
"flare.query.Comparison","flare.query.Expression",2
"flare.query.Comparison","flare.query.Or",3
"flare.query.BinaryExpression","flare.query.Expression",0
"flare.query.Average","flare.query.Expression",0
"flare.query.Average","flare.query.AggregateExpression",1
"flare.query.Arithmetic","flare.query.BinaryExpression",0
"flare.query.Arithmetic","flare.query.Expression",1
"flare.query.And","flare.query.CompositeExpression",0
"flare.query.And","flare.query.Expression",1
"flare.query.AggregateExpression","flare.query.Expression",0
"flare.physics.SpringForce","flare.physics.Simulation",0
"flare.physics.SpringForce","flare.physics.Particle",1
"flare.physics.SpringForce","flare.physics.Spring",2
"flare.physics.SpringForce","flare.physics.IForce",3
"flare.physics.Spring","flare.physics.Particle",0
"flare.physics.Simulation","flare.physics.Particle",0
"flare.physics.Simulation","flare.physics.NBodyForce",1
"flare.physics.Simulation","flare.physics.DragForce",2
"flare.physics.Simulation","flare.physics.GravityForce",3
"flare.physics.Simulation","flare.physics.Spring",4
"flare.physics.Simulation","flare.physics.SpringForce",5
"flare.physics.Simulation","flare.physics.IForce",6
"flare.physics.Particle",,0
"flare.physics.NBodyForce","flare.physics.Simulation",0
"flare.physics.NBodyForce","flare.physics.Particle",1
"flare.physics.NBodyForce","flare.physics.IForce",2
"flare.physics.IForce","flare.physics.Simulation",0
"flare.physics.GravityForce","flare.physics.Simulation",0
"flare.physics.GravityForce","flare.physics.Particle",1
"flare.physics.GravityForce","flare.physics.IForce",2
"flare.physics.DragForce","flare.physics.Simulation",0
"flare.physics.DragForce","flare.physics.Particle",1
"flare.physics.DragForce","flare.physics.IForce",2
"flare.flex.FlareVis","flare.display.DirtySprite",0
"flare.flex.FlareVis","flare.data.DataSet",1
"flare.flex.FlareVis","flare.vis.Visualization",2
"flare.flex.FlareVis","flare.vis.axis.CartesianAxes",3
"flare.flex.FlareVis","flare.vis.axis.Axes",4
"flare.flex.FlareVis","flare.vis.data.Data",5
"flare.display.TextSprite","flare.display.DirtySprite",0
"flare.display.RectSprite","flare.util.Colors",0
"flare.display.RectSprite","flare.display.DirtySprite",1
"flare.display.LineSprite","flare.display.DirtySprite",0
"flare.display.DirtySprite",,0
"flare.data.DataUtil","flare.data.DataField",0
"flare.data.DataUtil","flare.data.DataSchema",1
"flare.data.DataTable","flare.data.DataSchema",0
"flare.data.DataSource","flare.data.converters.IDataConverter",0
"flare.data.DataSource","flare.data.converters.Converters",1
"flare.data.DataSource","flare.data.DataSchema",2
"flare.data.DataSet","flare.data.DataTable",0
"flare.data.DataSchema","flare.data.DataField",0
"flare.data.DataSchema","flare.util.Arrays",1
"flare.data.DataField","flare.data.DataUtil",0
"flare.data.converters.JSONConverter","flare.data.DataSet",0
"flare.data.converters.JSONConverter","flare.data.DataUtil",1
"flare.data.converters.JSONConverter","flare.data.DataTable",2
"flare.data.converters.JSONConverter","flare.data.converters.IDataConverter",3
"flare.data.converters.JSONConverter","flare.data.DataSchema",4
"flare.data.converters.JSONConverter","flare.data.DataField",5
"flare.data.converters.JSONConverter","flare.util.Property",6
"flare.data.converters.IDataConverter","flare.data.DataSet",0
"flare.data.converters.IDataConverter","flare.data.DataSchema",1
"flare.data.converters.GraphMLConverter","flare.data.DataSet",0
"flare.data.converters.GraphMLConverter","flare.data.DataUtil",1
"flare.data.converters.GraphMLConverter","flare.data.DataTable",2
"flare.data.converters.GraphMLConverter","flare.data.converters.IDataConverter",3
"flare.data.converters.GraphMLConverter","flare.data.DataSchema",4
"flare.data.converters.GraphMLConverter","flare.data.DataField",5
"flare.data.converters.DelimitedTextConverter","flare.data.DataSet",0
"flare.data.converters.DelimitedTextConverter","flare.data.DataUtil",1
"flare.data.converters.DelimitedTextConverter","flare.data.DataTable",2
"flare.data.converters.DelimitedTextConverter","flare.data.converters.IDataConverter",3
"flare.data.converters.DelimitedTextConverter","flare.data.DataSchema",4
"flare.data.converters.DelimitedTextConverter","flare.data.DataField",5
"flare.data.converters.Converters","flare.data.converters.IDataConverter",0
"flare.data.converters.Converters","flare.data.converters.GraphMLConverter",1
"flare.data.converters.Converters","flare.data.converters.JSONConverter",2
"flare.data.converters.Converters","flare.data.converters.DelimitedTextConverter",3
"flare.animate.Tween","flare.animate.Transitioner",0
"flare.animate.Tween","flare.animate.Transition",1
"flare.animate.Tween","flare.animate.interpolate.Interpolator",2
"flare.animate.Tween","flare.util.Property",3
"flare.animate.TransitionEvent","flare.animate.Transition",0
"flare.animate.Transitioner","flare.util.IValueProxy",0
"flare.animate.Transitioner","flare.animate.Parallel",1
"flare.animate.Transitioner","flare.animate.Easing",2
"flare.animate.Transitioner","flare.animate.Sequence",3
"flare.animate.Transitioner","flare.animate.Transition",4
"flare.animate.Transitioner","flare.animate.Tween",5
"flare.animate.Transitioner","flare.util.Property",6
"flare.animate.Transition","flare.animate.Transitioner",0
"flare.animate.Transition","flare.animate.TransitionEvent",1
"flare.animate.Transition","flare.animate.Scheduler",2
"flare.animate.Transition","flare.animate.Pause",3
"flare.animate.Transition","flare.animate.Parallel",4
"flare.animate.Transition","flare.animate.Easing",5
"flare.animate.Transition","flare.animate.Sequence",6
"flare.animate.Transition","flare.animate.ISchedulable",7
"flare.animate.Transition","flare.util.Maths",8
"flare.animate.Transition","flare.animate.Tween",9
"flare.animate.Sequence","flare.animate.Easing",0
"flare.animate.Sequence","flare.util.Maths",1
"flare.animate.Sequence","flare.animate.Transition",2
"flare.animate.Sequence","flare.util.Arrays",3
"flare.animate.Scheduler","flare.animate.ISchedulable",0
"flare.animate.Scheduler","flare.animate.Pause",1
"flare.animate.Scheduler","flare.animate.Transition",2
"flare.animate.Pause","flare.animate.Transition",0
"flare.animate.Parallel","flare.animate.Easing",0
"flare.animate.Parallel","flare.animate.Transition",1
"flare.animate.Parallel","flare.util.Arrays",2
"flare.animate.ISchedulable","flare.animate.Scheduler",0
"flare.animate.interpolate.RectangleInterpolator","flare.animate.interpolate.Interpolator",0
"flare.animate.interpolate.PointInterpolator","flare.animate.interpolate.Interpolator",0
"flare.animate.interpolate.ObjectInterpolator","flare.animate.interpolate.Interpolator",0
"flare.animate.interpolate.NumberInterpolator","flare.animate.interpolate.Interpolator",0
"flare.animate.interpolate.MatrixInterpolator","flare.animate.interpolate.Interpolator",0
"flare.animate.interpolate.Interpolator","flare.animate.interpolate.NumberInterpolator",0
"flare.animate.interpolate.Interpolator","flare.animate.interpolate.ColorInterpolator",1
"flare.animate.interpolate.Interpolator","flare.animate.interpolate.PointInterpolator",2
"flare.animate.interpolate.Interpolator","flare.animate.interpolate.ObjectInterpolator",3
"flare.animate.interpolate.Interpolator","flare.animate.interpolate.MatrixInterpolator",4
"flare.animate.interpolate.Interpolator","flare.animate.interpolate.RectangleInterpolator",5
"flare.animate.interpolate.Interpolator","flare.animate.interpolate.DateInterpolator",6
"flare.animate.interpolate.Interpolator","flare.util.Property",7
"flare.animate.interpolate.Interpolator","flare.animate.interpolate.ArrayInterpolator",8
"flare.animate.interpolate.DateInterpolator","flare.animate.interpolate.Interpolator",0
"flare.animate.interpolate.ColorInterpolator","flare.animate.interpolate.Interpolator",0
"flare.animate.interpolate.ArrayInterpolator","flare.util.Arrays",0
"flare.animate.interpolate.ArrayInterpolator","flare.animate.interpolate.Interpolator",1
"flare.animate.FunctionSequence","flare.util.Maths",0
"flare.animate.FunctionSequence","flare.animate.Transition",1
"flare.animate.FunctionSequence","flare.util.Arrays",2
"flare.animate.FunctionSequence","flare.animate.Sequence",3
"flare.animate.FunctionSequence","flare.animate.Transitioner",4
"flare.animate.Easing","flare.animate.Transition",0
"flare.analytics.optimization.AspectRatioBanker","flare.animate.Transitioner",0
"flare.analytics.optimization.AspectRatioBanker","flare.util.Arrays",1
"flare.analytics.optimization.AspectRatioBanker","flare.vis.data.DataSprite",2
"flare.analytics.optimization.AspectRatioBanker","flare.scale.Scale",3
"flare.analytics.optimization.AspectRatioBanker","flare.vis.axis.CartesianAxes",4
"flare.analytics.optimization.AspectRatioBanker","flare.vis.Visualization",5
"flare.analytics.optimization.AspectRatioBanker","flare.util.Property",6
"flare.analytics.optimization.AspectRatioBanker","flare.vis.operator.Operator",7
"flare.analytics.graph.SpanningTree","flare.animate.Transitioner",0
"flare.analytics.graph.SpanningTree","flare.vis.data.NodeSprite",1
"flare.analytics.graph.SpanningTree","flare.vis.operator.IOperator",2
"flare.analytics.graph.SpanningTree","flare.vis.Visualization",3
"flare.analytics.graph.SpanningTree","flare.vis.data.TreeBuilder",4
"flare.analytics.graph.SpanningTree","flare.vis.operator.Operator",5
"flare.analytics.graph.ShortestPaths","flare.vis.data.EdgeSprite",0
"flare.analytics.graph.ShortestPaths","flare.vis.data.NodeSprite",1
"flare.analytics.graph.ShortestPaths","flare.animate.Transitioner",2
"flare.analytics.graph.ShortestPaths","flare.vis.operator.Operator",3
"flare.analytics.graph.ShortestPaths","flare.util.heap.HeapNode",4
"flare.analytics.graph.ShortestPaths","flare.util.heap.FibonacciHeap",5
"flare.analytics.graph.ShortestPaths","flare.util.Property",6
"flare.analytics.graph.ShortestPaths","flare.vis.data.Data",7
"flare.analytics.graph.MaxFlowMinCut","flare.animate.Transitioner",0
"flare.analytics.graph.MaxFlowMinCut","flare.vis.data.NodeSprite",1
"flare.analytics.graph.MaxFlowMinCut","flare.vis.data.EdgeSprite",2
"flare.analytics.graph.MaxFlowMinCut","flare.vis.data.Data",3
"flare.analytics.graph.MaxFlowMinCut","flare.util.Property",4
"flare.analytics.graph.MaxFlowMinCut","flare.vis.operator.Operator",5
"flare.analytics.graph.LinkDistance","flare.animate.Transitioner",0
"flare.analytics.graph.LinkDistance","flare.vis.data.NodeSprite",1
"flare.analytics.graph.LinkDistance","flare.vis.data.EdgeSprite",2
"flare.analytics.graph.LinkDistance","flare.analytics.graph.ShortestPaths",3
"flare.analytics.graph.LinkDistance","flare.vis.data.Data",4
"flare.analytics.graph.LinkDistance","flare.util.Property",5
"flare.analytics.graph.LinkDistance","flare.vis.operator.Operator",6
"flare.analytics.graph.BetweennessCentrality","flare.animate.Transitioner",0
"flare.analytics.graph.BetweennessCentrality","flare.vis.data.NodeSprite",1
"flare.analytics.graph.BetweennessCentrality","flare.vis.data.DataList",2
"flare.analytics.graph.BetweennessCentrality","flare.util.Arrays",3
"flare.analytics.graph.BetweennessCentrality","flare.vis.data.Data",4
"flare.analytics.graph.BetweennessCentrality","flare.util.Property",5
"flare.analytics.graph.BetweennessCentrality","flare.vis.operator.Operator",6
"flare.analytics.cluster.MergeEdge",,0
"flare.analytics.cluster.HierarchicalCluster","flare.vis.data.EdgeSprite",0
"flare.analytics.cluster.HierarchicalCluster","flare.vis.data.NodeSprite",1
"flare.analytics.cluster.HierarchicalCluster","flare.vis.data.DataList",2
"flare.analytics.cluster.HierarchicalCluster","flare.vis.data.Tree",3
"flare.analytics.cluster.HierarchicalCluster","flare.util.Arrays",4
"flare.analytics.cluster.HierarchicalCluster","flare.analytics.cluster.MergeEdge",5
"flare.analytics.cluster.HierarchicalCluster","flare.util.Sort",6
"flare.analytics.cluster.HierarchicalCluster","flare.vis.operator.Operator",7
"flare.analytics.cluster.HierarchicalCluster","flare.util.Property",8
"flare.analytics.cluster.HierarchicalCluster","flare.vis.data.Data",9
"flare.analytics.cluster.CommunityStructure","flare.analytics.cluster.HierarchicalCluster",0
"flare.analytics.cluster.CommunityStructure","flare.animate.Transitioner",1
"flare.analytics.cluster.CommunityStructure","flare.vis.data.DataList",2
"flare.analytics.cluster.CommunityStructure","flare.analytics.cluster.MergeEdge",3
"flare.analytics.cluster.CommunityStructure","flare.util.math.IMatrix",4
"flare.analytics.cluster.AgglomerativeCluster","flare.animate.Transitioner",0
"flare.analytics.cluster.AgglomerativeCluster","flare.vis.data.DataList",1
"flare.analytics.cluster.AgglomerativeCluster","flare.util.math.IMatrix",2
"flare.analytics.cluster.AgglomerativeCluster","flare.analytics.cluster.MergeEdge",3
"flare.analytics.cluster.AgglomerativeCluster","flare.analytics.cluster.HierarchicalCluster",4
"flare.analytics.cluster.AgglomerativeCluster","flare.vis.data.Data",5
